Cycle;FreqIndex;Omega;Iterations;Error
0;1;10.2392645;22;9.799700637813658e-5
0;1;10.2392645;24;5.9396294091129676e-5
0;1;10.2392645;29;6.267968274187297e-5
0;1;10.2392645;24;6.792458589188755e-5
0;1;10.2392645;28;9.71489935182035e-5
0;1;10.2392645;24;7.24798665032722e-5
