Cycle;FreqIndex;Omega;Iterations;Error
0;1;10.2392645;19;8.757161413086578e-5
0;1;10.2392645;23;9.741330723045394e-5
